{"weights": [-0.001193464320923101, -0.0027456043954686964, 8.21331323970074e-05], "intercept": 50.163124135656396}